Year,State,Population,T_YEAR,MME
2007,Florida,17925664,130455,9106078935.725674
2008,Florida,18072434,130520,11873362293.895964
2009,Florida,18192019,130585,15159622235.842857
2010,Florida,18333482,130650,19657629422.946037
2011,Florida,18581340,130715,14802781213.512712
2012,Florida,18831514,130780,9196039391.861813
